4998;assets.ui.dialog.ConfirmGuestAccountAsset
358;sounds-ui_swf$ff76adde2cf19c155a7df24e3f3d2d791216207621
5223;assets.ui.screen.ConfirmComboPackPurchaseDialogAsset
2347;assets.ui.dialog.ConfirmMidDialogAsset
2314;assets.ui.dialog.CollectionsDialogAsset
4679;assets.ui.screen.MissionSummaryLevelUpScreenAsset
320;WorldWorker_swf$7d3a5c06abf1833f0a0db37228cbc3222127680311
334;05_bin$086785cbe384114d8380940cbf2df3b31708473300
4;asset.KongGreyBarAsset
360;sounds-ui_swf$ff76adde2cf19c155a7df24e3f3d2d791804987472
184;assets.ui.UIMainLoading
357;sounds-ui_swf$ff76adde2cf19c155a7df24e3f3d2d79-750823086
6700;assets.ui.dialog.EventRewardInfoDialogAsset
352;sounds-ui_swf$ff76adde2cf19c155a7df24e3f3d2d79261102093
74;assets.item.iriduimStrongbox
4139;assets.ui.screen.HalloweenParallaxTitleScreenAsset
6063;assets.ui.screen.SelectGameModePMScreenAsset
4983;SelectGameModeContract
338;obfuscationVersion_txt$80c50ad2c5ec95aedc0619ec0b2120ff-162808892
344;sounds-ui_swf$ff76adde2cf19c155a7df24e3f3d2d79-1650408110
3807;assets.effects.PlayerHit
473;assets.weapons.premium.bayonet.Profile
325;10_bin$08657a6cb6e5d187b672a81f88400ad11799839474
4693;assets.ui.screen.ParallaxTitleScreenAsset
2852;assets.ui.dialog.SuperEventInfoDialogAsset
2;stringMap_enc_bin$44cf828a23c4ba59a1c66e4b38f39ed7-1178961835
6769;assets.ui.dialog.AddAugmentDialogAsset
6266;assets.ui.MiniMapArrowEdgeVIP
337;01_bin$c6b860faf85dc2832e4af3712a63e2e01697488336
2430;assets.ui.dialog.DailyRewardDialog
3463;assets.ui.hud.UICombot
6677;assets.ui.screen.EquipmentWeaponsScreenAsset
4257;assets.ui.screen.LoginScreenAsset
6010;assets.ui.screen.SelectGameModeMPScreenAsset
2697;assets.ui.dialog.MasteryLevelRewardsDialogAsset
410;assets.ui.dialog.BlackKeyRequiredDialogAsset
6853;assets.ui.dialog.AugmentProgressRewardDialogAsset
324;02_bin$7bcda278ad4b5ad9114b5e7871c061821698690135
54;assets.item.titaniumStrongbox
2836;assets.ui.dialog.SuperEventCompletedDialogAsset
2342;assets.ui.dialog.ConfirmDialogAsset
6112;assets.ui.screen.SelectGameModeScreen2Asset
345;sounds-ui_swf$ff76adde2cf19c155a7df24e3f3d2d791580544292
349;sounds-ui_swf$ff76adde2cf19c155a7df24e3f3d2d7964128908
2475;assets.ui.dialog.EliteAugmentCoreDialogAsset
366;sounds-ui_swf$ff76adde2cf19c155a7df24e3f3d2d79-1367491295
5257;assets.ui.screen.ConfirmSingleItemPurchaseDialogAsset
348;sounds-ui_swf$ff76adde2cf19c155a7df24e3f3d2d7964128909
5861;assets.auto.selectCharacterButtonGroup
339;EmbedConfig_txt$48b23bcd25ebfb3aad9600323658c55e340916846
364;sounds-ui_swf$ff76adde2cf19c155a7df24e3f3d2d791991929669
331;13_bin$e8afb4c992fd930db07a1141a5da84e61803322487
4848;assets.ui.screen.SlowConnectionDialogAsset
4164;assets.ui.screen.InstantReviveDialogAsset
6719;assets.ui.dialog.GlobalEventRewardInfoDialogAsset
6264;assets.ui.MiniMapArrowEdgeAlphaVirus
5094;assets.ui.hud.MaxCapacityText
4260;assets.ui.screen.LoginScreenGuestAsset
2334;assets.ui.dialog.ConfirmDeleteCharacterDialogAsset
6357;assets.ui.screen.help.HelpBossContainerAsset
351;sounds-ui_swf$ff76adde2cf19c155a7df24e3f3d2d79124366127
2187;assets.ui.dialog.CollectionItemDialogAsset
4687;assets.ui.screen.MissionSummarySinglePlayerScreenAsset
2553;assets.ui.dialog.ErrorDialogAsset
6022;assets.ui.screen.SelectGameModeMultiPlayerPrivateMatchNightmareAsset
4958;com.ninjakiwi.nkBar.assets.NKBar_Loader
6071;assets.ui.screen.SelectGameModePrivateMatchScreenAsset
342;sounds-ui_swf$ff76adde2cf19c155a7df24e3f3d2d791972311857
1;kodeKode_txt$797d6d93d7143d44a0ed2751100d37f11531742154
5047;assets.ui.dialog.SettingsDialogAsset
319;assets.AchievementTemplate
6816;RecordPagingIconPurple
4407;assets.ui.screen.MainMenuNavScreenAsset
4235;ninjaKiwiIconLogoOnly
4698;assets.ui.screen.PatchNotesAsset
2741;assets.ui.dialog.NightmareModeInfoDialog
4156;assets.ui.screen.HelpScreenAsset
2533;assets.ui.dialog.EliteTutorialsDialogAsset
5474;assets.ui.screen.HelpControlsScreenAsset
3974;assets.ui.screen.GameHudScreenAsset
323;15_bin$b31080cb983fe5e3544cb302ebbd11181796789109
322;17_bin$e09ddb89a8f2167cec776df18c781b941797530507
4899;assets.ui.screen.StoreDialogAsset
361;sounds-ui_swf$ff76adde2cf19c155a7df24e3f3d2d79-290548389
5288;assets.ui.screen.ContractsAvailableScreenAsset
354;sounds-ui_swf$ff76adde2cf19c155a7df24e3f3d2d79-421398257
328;04_bin$522ee4140504b8021316048ad04b4cde1708901205
5099;assets.ui.hud.ResistChemicalText
84;assets.item.neodyniumStrongbox
353;sounds-ui_swf$ff76adde2cf19c155a7df24e3f3d2d792007945154
346;sounds-ui_swf$ff76adde2cf19c155a7df24e3f3d2d79-450599421
5799;assets.ui.screen.ProfileDialogAsset
6836;assets.ui.dialog.UpgradeAugmentDialogAsset
2266;assets.ui.RecordPagingIcon
2573;assets.ui.dialog.EventsLeaderboardsDialogAsset
154;assets.ui.debug.DebugAsset
367;sounds-ui_swf$ff76adde2cf19c155a7df24e3f3d2d791024003013
6261;assets.ui.screen.SkillsScreenAsset
3588;assets.WeaponsContainerTurretsAnimate
332;06_bin$06881a42d3aa053e2221a2dc83f660601709642347
329;09_bin$5bbd35f9426daee25f0730a250e925561704810984
5833;assets.ui.screen.SelectCharacterClassScreenAsset
2800;assets.ui.dialog.SaveErrorDialogAsset
359;sounds-ui_swf$ff76adde2cf19c155a7df24e3f3d2d79-1945353396
4638;assets.ui.screen.MissionSummaryItemDialogAsset
4839;assets.ui.screen.ServerLostDialogAsset
6163;assets.ui.screen.SinglePlayerWorldSelectScreenAsset
3161;assets.ui.screen.EquipmentMasteryDialogAsset
6596;assets.ui.screen.EquipmentSupportScreenAsset
4834;assets.ui.screen.ProfileMPDialogAsset
6473;assets.ui.screen.help.HelpZombieContainerAsset
3100;assets.ui.screen.EasterParallaxTitleScreenAsset
2822;assets.ui.dialog.StrongboxOutOfGameDialogAsset
2730;assets.ui.dialog.NewEventsLeaderboardsDialogAsset
5617;assets.ui.screen.LobbyScreenAsset
6270;ui.EventPromoEventsBannerContainer
341;sounds-ui_swf$ff76adde2cf19c155a7df24e3f3d2d79-450599423
347;sounds-ui_swf$ff76adde2cf19c155a7df24e3f3d2d79-450599422
5103;assets.ui.hud.ResistEnergyText
343;sounds-ui_swf$ff76adde2cf19c155a7df24e3f3d2d79-450599424
2715;assets.ui.dialog.MobilePromoPanelDialogAsset
3157;assets.ui.screen.MasteryRewardAsset
6780;assets.ui.dialog.AddAugmentPremiumDialogAsset
5029;assets.ui.dialog.LeaderboardDialogAsset
2963;assets.ui.screen.ConnectingScreenAsset
40;assets.item.steelStrongbox
2882;assets.ui.dialog.SuperEventRewardsDialogAsset
2046;assets.ui.dialog.ClaimSuperEventRewardDialogAsset
6394;assets.ui.screen.help.HelpEliteContainerAsset
2381;assets.ui.dialog.CraftingInfoDialogAsset
340;sounds-ui_swf$ff76adde2cf19c155a7df24e3f3d2d791775304774
362;sounds-ui_swf$ff76adde2cf19c155a7df24e3f3d2d791971798343
3363;assets.ui.MiniMapArrowEdge
5091;assets.ui.hud.LootPickupTextAnimateAsset
4934;assets.ui.LoadingAsset
4075;assets.ui.screen.GameOptionsDialogAsset
2935;assets.ui.dialog.WatchVideoEarnDialogAsset
3180;assets.ui.screen.GameContinueDialogAsset
326;08_bin$a3417cc117d574837d393523c951704b1703108969
2527;assets.ui.dialog.EliteInventoryDialogAsset
6671;assests.ui.emptyslotRifle
5762;assets.ui.screen.MissionSummaryDetailsSinglePlayerScreenAsset
4933;assets.ui.screen.XmasParallaxTitleScreenAsset
151;assets.item.blackStrongbox
5867;assets.ui.screen.SelectCharacterScreenAsset
6280;assets.ui.dialog.UnableToAddSkillPointsDialogAsset
5116;assets.ui.hud.SuperCritHitText
4167;assets.ui.screen.IntroContainerScreenAsset
335;07_bin$f49ea593ca4c2f8d32aa26446825cc821710295786
4570;assets.ui.screen.MissionFailedDialogAsset
365;sounds-ui_swf$ff76adde2cf19c155a7df24e3f3d2d79-1749202055
330;11_bin$4abdb51203f1a312d03c848f1b89317d1800451441
2601;assets.ui.dialog.GameEventObjectiveDialogAsset
2564;assets.ui.dialog.EventPromoPanelMultipleDialogAsset
4227;assets.ui.screen.LoadingGameScreenAsset
6847;assets.ui.dialog.UpgradeAugmentPremiumDialogAsset
2640;assets.ui.dialog.MajorUpdatesDialogAsset
5478;assets.ui.screen.HelpEnemiesScreenAsset
5317;assets.ui.screen.GameQuitDialogAsset
2224;assets.ui.dialog.CollectionRewardDialogAsset
6743;assets.ui.dialog.HighscoreEventRewardInfoDialogAsset
183;assets.ui.LoadingWheel
5111;assets.ui.hud.ResistThermalText
4945;NKBar_Loader_fla.Retrybutton_3
5122;assets.ui.screen.BlackStrongboxScreenAsset
5314;assets.ui.screen.EquipmentScreenAsset
2362;assets.ui.dialog.CraftEliteCoreConfirmDialogAsset
318;ui_v5B_fla_fla.Achieve_Bronze_Medal1_2252
350;sounds-ui_swf$ff76adde2cf19c155a7df24e3f3d2d79652514764
6549;assets.ui.screen.EquipmentArmorScreenAsset
104;assets.item.thuliumStrongbox
5005;assets.ui.dialog.ConfirmNKPurchaseDialogAsset
5728;assets.ui.screen.MissionSummaryDetailsScreenAsset
2622;assets.ui.dialog.InstantReviveTokensDialog
6659;assets.ui.emptypistolslot
6277;assets.ui.dialog.EnterCharacterNameDialogAsset
403;asset.CurrencyIconAsset
2827;assets.ui.dialog.StrongboxSpecialItemDialogAsset
2352;assets.ui.dialog.ConfirmSmallDialogAsset
5831;assets.ui.screen.PurchaseExtrasDialogAsset
6263;assets.ui.AlphaVirusMarker
5123;assets.ui.screen.BlankScreenAsset
5050;assets.ui.hud.CritHitText
1441;assets.ui.dialog.BuyPremiumWeaponsDialogAsset
336;03_bin$c97b5c90641b78f31fb07bf75def47421707732182
1696;assets.ui.dialog.ChampionshipsLeaderboardsDialogAsset
2720;assets.ui.dialog.MultipleLoginDialogAsset
94;assets.item.promethiumStrongbox
4685;assets.ui.screen.MissionSummaryScreenAsset
333;14_bin$f6d7228e03172019cced7655652757ab1796144374
321;12_bin$cb4cb5b34225f7386c55b0ea862182de1801629168
3373;assets.ui.StrongboxMarker
5241;assets.ui.screen.ConfirmGearPurchaseDialogAsset
4557;assets.ui.screen.MissionCompleteDialogAsset
64;assets.item.molybdeniumStrongbox
4938;assets.ui.VIPMarker
5107;assets.ui.hud.ResistPhysicalText
356;sounds-ui_swf$ff76adde2cf19c155a7df24e3f3d2d791736898073
2792;assets.ui.dialog.PurchasedItemsDialogAsset
2961;assets.ui.screen.ConnectingLoadingScreenAsset
115;assets.item.nanotoniumStrongbox
6137;assets.ui.screen.SinglePlayerMapSelectScreenAsset
5089;assets.hud.LootPickUpTextAnimateAsset
6798;threequarterPremiumBulletsCrate
363;sounds-ui_swf$ff76adde2cf19c155a7df24e3f3d2d791568959217
2131;assets.ui.WeaponInfoRolloverButtonAsset
327;16_bin$e78e772ad5ecc9b46e6198ccfcaac3441797966836
355;sounds-ui_swf$ff76adde2cf19c155a7df24e3f3d2d791690226782
1579;assets.ui.dialog.BuySasCashDialogAsset
6819;assets.ui.dialog.AugmentExpertiseRewardsDialogAsset
2959;assets.ui.screen.ConfirmPremiumWeaponPurchaseDialogAsset
2588;assets.ui.dialog.EventsRewardDialogAsset
5119;assets.ui.screen.AIBaseScreenAsset
3113;assets.ui.screen.EnterGhostModeDialogAsset
0;sas4Obfuscation
